{"min": [-0.441993, -0.924945, -0.421247], "max": [0.434165, 0.792438, 0.465318]}