{"min": [-0.11763, -0.058886, -0.961435], "max": [0.171765, 0.102223, 1.076539]}