{"min": [-0.441222, -0.72492, -0.528665], "max": [0.44945, 0.738327, 0.562545]}